<?xml version="1.0" encoding="UTF-8"?>
<project-private xmlns="http://www.netbeans.org/ns/project-private/1">
    <editor-bookmarks xmlns="http://www.netbeans.org/ns/editor-bookmarks/2" lastBookmarkId="0"/>
    <open-files xmlns="http://www.netbeans.org/ns/projectui-open-files/2">
        <group>
            <file>file:/C:/Users/user/Desktop/HTL/3.Klasse/POS/Repositories/Sieb_des_Eratosthenes/src/sieb_des_eratosthenes/PrimeSieve.java</file>
            <file>file:/C:/Users/user/Desktop/HTL/3.Klasse/POS/Repositories/Sieb_des_Eratosthenes/src/sieb_des_eratosthenes/EratosthenesPrimeSieve.java</file>
        </group>
    </open-files>
</project-private>
